client_id,first_name,last_name,email,gender,ip_address
1,Margaretta,Laughtisse,mlaughtisse0@mediafire.com,Genderfluid,34.148.232.131
2,Vally,Garment,vgarment1@wisc.edu,Bigender,15.158.123.36
3,Tessa,Curee,tcuree2@php.net,Bigender,132.209.143.225
4,Arman,Heineking,aheineking3@tuttocitta.it,Male,157.110.61.233
5,Roselia,Trustie,rtrustie4@ft.com,Non-binary,49.55.218.81
6,Roxie,Springett,rspringett5@deviantart.com,Male,51.206.104.138
7,Gabi,Kernell,gkernell6@hugedomains.com,Female,223.30.27.146
8,Dino,Kentwell,dkentwell7@com.com,Agender,107.244.52.181
9,Petronilla,Jandel,pjandel8@amazon.co.uk,Female,187.54.208.203
10,Courtnay,Zecchinelli,czecchinelli9@cam.ac.uk,Genderfluid,80.96.245.191
11,Sunny,Kennermann,skennermanna@quantcast.com,Genderqueer,211.13.246.106
12,Dayle,McCrachen,dmccrachenb@booking.com,Genderqueer,159.232.55.236
13,Cassie,Perschke,cperschkec@goo.gl,Genderqueer,193.62.46.4
14,Roshelle,Peskin,rpeskind@patch.com,Genderqueer,108.180.147.192
15,Carlie,Simonnot,csimonnote@surveymonkey.com,Female,220.154.167.3
16,Gan,Siuda,gsiudaf@ucoz.ru,Agender,118.117.172.157
17,Klarika,Filimore,kfilimoreg@creativecommons.org,Agender,16.111.119.168
18,Lennie,Bilbrook,lbilbrookh@hatena.ne.jp,Bigender,162.30.71.206
19,August,Cristoforo,acristoforoi@goo.ne.jp,Genderfluid,30.231.88.242
20,Avrit,Milburne,amilburnej@yahoo.com,Bigender,186.73.151.205
21,Freeland,Sperling,fsperlingk@a8.net,Genderqueer,107.242.151.123
22,Brice,Elintune,belintunel@mlb.com,Non-binary,217.244.45.24
23,Tobi,Paskell,tpaskellm@reference.com,Genderqueer,199.92.204.85
24,Silvio,Mewett,smewettn@theatlantic.com,Bigender,6.244.103.47
25,Moselle,Warnes,mwarneso@noaa.gov,Genderqueer,175.199.5.135
26,Lauri,Duchenne,lduchennep@gizmodo.com,Bigender,140.239.46.15
27,Callie,Crilley,ccrilleyq@naver.com,Bigender,2.188.87.210
28,Levon,Pawels,lpawelsr@oracle.com,Male,100.164.184.73
29,Artemis,Huygens,ahuygenss@php.net,Non-binary,76.174.131.206
30,Bertrando,Churchill,bchurchillt@cbsnews.com,Male,40.191.84.156
31,Cammy,Dorset,cdorsetu@google.pl,Non-binary,91.89.237.13
32,Burr,Hrus,bhrusv@guardian.co.uk,Genderqueer,49.225.237.31
33,Hannie,Wattisham,hwattishamw@tinyurl.com,Male,133.131.49.90
34,Saunder,McAline,smcalinex@cdbaby.com,Non-binary,106.89.207.81
35,Port,Espinho,pespinhoy@springer.com,Male,54.247.6.58
36,Ozzy,Penrice,openricez@github.io,Agender,141.216.205.27
37,Brita,Stangoe,bstangoe10@free.fr,Bigender,95.182.215.54
38,Francisca,Pelosi,fpelosi11@trellian.com,Non-binary,165.62.25.157
39,Basil,Hammarberg,bhammarberg12@ifeng.com,Genderfluid,143.191.243.251
40,Marice,Hawkridge,mhawkridge13@tripod.com,Female,105.49.49.68
41,Dawn,Heugle,dheugle14@bloomberg.com,Male,42.167.11.175
42,Ulysses,Hunsworth,uhunsworth15@sourceforge.net,Genderfluid,156.183.22.240
43,Jose,Harmeston,jharmeston16@salon.com,Female,160.79.96.30
44,Gerda,McGlone,gmcglone17@goo.gl,Male,116.172.154.0
45,Gearard,Ingilson,gingilson18@hao123.com,Female,229.233.176.110
46,Serge,Claw,sclaw19@comcast.net,Female,154.252.175.71
47,Brion,Mcettrick,bmcettrick1a@edublogs.org,Genderqueer,123.191.173.7
48,Hoyt,Jahndel,hjahndel1b@ucsd.edu,Non-binary,3.188.110.201
49,Angus,Sime,asime1c@edublogs.org,Non-binary,83.132.196.228
50,Adolpho,Toal,atoal1d@intel.com,Non-binary,96.121.42.172
51,Debora,Coupar,dcoupar1e@senate.gov,Genderfluid,203.61.158.215
52,Gretta,Bernocchi,gbernocchi1f@shutterfly.com,Male,96.154.223.166
53,Hedwiga,Jacobsen,hjacobsen1g@163.com,Female,89.192.10.67
54,Bryana,Castanos,bcastanos1h@dion.ne.jp,Non-binary,24.246.158.20
55,Kermy,Totman,ktotman1i@nih.gov,Agender,67.17.44.196
56,Elke,Parlor,eparlor1j@ebay.com,Polygender,255.139.102.148
57,Megan,Janssen,mjanssen1k@toplist.cz,Genderqueer,231.18.28.42
58,Eugene,Cadell,ecadell1l@cmu.edu,Male,61.170.152.168
59,Timothee,Gouth,tgouth1m@hatena.ne.jp,Agender,93.234.224.18
60,Alano,Crassweller,acrassweller1n@noaa.gov,Agender,143.91.213.38
61,Allegra,Annand,aannand1o@wikispaces.com,Non-binary,251.70.86.184
62,Rafaellle,Le Maitre,rlemaitre1p@auda.org.au,Agender,154.248.126.153
63,Noreen,Hurle,nhurle1q@sohu.com,Bigender,159.173.68.228
64,Dur,Belliard,dbelliard1r@seattletimes.com,Genderqueer,28.102.133.140
65,Benedicta,Fellowes,bfellowes1s@hao123.com,Bigender,195.226.246.163
66,Pietro,MacDearmaid,pmacdearmaid1t@indiatimes.com,Genderqueer,156.221.126.127
67,Zerk,Rowley,zrowley1u@mozilla.org,Agender,240.223.137.91
68,Shell,Facer,sfacer1v@mapquest.com,Non-binary,109.1.125.147
69,Goldarina,Doneld,gdoneld1w@tiny.cc,Male,47.235.5.23
70,Gustavo,Wallentin,gwallentin1x@jalbum.net,Bigender,27.6.208.253
71,Leif,Wooffinden,lwooffinden1y@fc2.com,Genderqueer,116.217.209.96
72,Lorne,Chaulk,lchaulk1z@psu.edu,Non-binary,50.185.12.141
73,Carlynn,Stelfox,cstelfox20@sbwire.com,Agender,130.251.156.40
74,Locke,Hainning,lhainning21@sitemeter.com,Genderfluid,16.186.204.139
75,Gweneth,Stubbings,gstubbings22@unesco.org,Non-binary,57.90.203.209
76,Talya,Caines,tcaines23@is.gd,Male,10.187.212.124
77,Dave,Linnitt,dlinnitt24@smugmug.com,Male,52.181.193.154
78,Dinnie,Rubinsztein,drubinsztein25@state.tx.us,Genderqueer,20.172.230.157
79,Angelina,Kubera,akubera26@addtoany.com,Female,203.168.12.5
80,Fredi,Spirritt,fspirritt27@tripod.com,Genderqueer,116.209.64.138
81,Rheta,Struss,rstruss28@alibaba.com,Bigender,198.197.202.35
82,Marie,Lorentz,mlorentz29@umich.edu,Non-binary,196.34.190.26
83,Avril,Wisniowski,awisniowski2a@youtu.be,Genderfluid,225.220.254.179
84,Jimmie,Yakebovich,jyakebovich2b@example.com,Non-binary,180.163.123.54
85,Lissy,Claricoates,lclaricoates2c@exblog.jp,Genderqueer,146.6.4.243
86,Zelma,Boss,zboss2d@blogspot.com,Polygender,55.36.158.233
87,Chase,Finey,cfiney2e@umn.edu,Bigender,100.245.181.117
88,Hubert,Rogez,hrogez2f@cnbc.com,Female,191.200.176.32
89,Eldin,Deboy,edeboy2g@mit.edu,Male,223.207.89.178
90,Ellie,Cliff,ecliff2h@chron.com,Male,52.140.200.79
91,Julie,Ploughwright,jploughwright2i@oaic.gov.au,Bigender,56.160.253.112
92,Dun,O'Caherny,docaherny2j@bloglines.com,Bigender,129.130.171.245
93,Ike,Abramchik,iabramchik2k@yale.edu,Agender,141.143.30.147
94,Sofie,McComiskey,smccomiskey2l@webmd.com,Non-binary,218.19.243.90
95,Hakeem,Jenner,hjenner2m@bbb.org,Agender,101.115.94.88
96,Carolina,Doughartie,cdoughartie2n@comsenz.com,Non-binary,183.251.235.59
97,Ailbert,Collyer,acollyer2o@pcworld.com,Bigender,236.141.194.145
98,Vale,Kimmerling,vkimmerling2p@macromedia.com,Agender,209.200.180.202
99,Leila,Ebbing,lebbing2q@jigsy.com,Male,131.130.158.62
100,Stewart,Trahear,strahear2r@biglobe.ne.jp,Genderfluid,76.239.101.7
101,Myer,McCrudden,mmccrudden2s@ed.gov,Female,117.164.113.219
102,Felisha,Craister,fcraister2t@ifeng.com,Female,116.156.20.69
103,Hilary,Kulis,hkulis2u@github.com,Bigender,208.186.122.220
104,Sada,Mullaney,smullaney2v@topsy.com,Polygender,153.241.248.155
105,Linell,Brownstein,lbrownstein2w@wikispaces.com,Male,102.227.76.125
106,Dacey,Winslett,dwinslett2x@xrea.com,Polygender,24.254.95.170
107,Leupold,Jilkes,ljilkes2y@reference.com,Female,204.193.8.162
108,Darice,Beardshaw,dbeardshaw2z@ihg.com,Agender,98.17.30.254
109,Rosa,Barttrum,rbarttrum30@ezinearticles.com,Bigender,217.52.165.33
110,Georgie,Billham,gbillham31@uiuc.edu,Female,251.29.79.102
111,Ara,Jaslem,ajaslem32@google.com.au,Female,146.45.16.234
112,Brandea,Mitskevich,bmitskevich33@domainmarket.com,Genderqueer,104.251.71.91
113,Glendon,Khidr,gkhidr34@gizmodo.com,Genderfluid,139.245.44.149
114,Mildrid,Lindenstrauss,mlindenstrauss35@nymag.com,Genderqueer,193.4.59.44
115,Renee,Cocks,rcocks36@latimes.com,Bigender,72.37.204.222
116,Rich,Kristoffersson,rkristoffersson37@vinaora.com,Bigender,4.50.109.237
117,Josiah,Praill,jpraill38@privacy.gov.au,Genderqueer,198.131.37.73
118,Cyrillus,Eastby,ceastby39@nytimes.com,Female,12.138.125.111
119,Mitchell,Pietersen,mpietersen3a@tumblr.com,Female,172.226.152.216
120,Jessa,Purkis,jpurkis3b@linkedin.com,Agender,46.68.80.192
121,Baillie,Ierland,bierland3c@pcworld.com,Bigender,230.236.254.207
122,Drud,Livermore,dlivermore3d@wordpress.org,Non-binary,181.153.193.13
123,Rose,Strang,rstrang3e@tinyurl.com,Genderqueer,163.87.113.109
124,Ingrim,Danick,idanick3f@va.gov,Non-binary,42.137.215.126
125,Suzann,Callendar,scallendar3g@hhs.gov,Genderfluid,137.147.23.191
126,Powell,Spaldin,pspaldin3h@weebly.com,Agender,240.92.69.129
127,Marven,Levick,mlevick3i@people.com.cn,Bigender,2.124.143.198
128,Cherise,Pollock,cpollock3j@storify.com,Agender,113.114.92.83
129,Hubey,Skim,hskim3k@engadget.com,Genderfluid,25.191.239.97
130,Daren,Wank,dwank3l@tiny.cc,Polygender,86.112.125.4
131,Armin,Ehrat,aehrat3m@mac.com,Bigender,212.215.132.202
132,Melany,Jorissen,mjorissen3n@bloglines.com,Non-binary,194.81.141.143
133,Nap,Sinfield,nsinfield3o@nydailynews.com,Male,209.193.86.180
134,Calv,Greenway,cgreenway3p@nsw.gov.au,Female,110.232.14.165
135,Aubry,Nourse,anourse3q@adobe.com,Bigender,206.55.46.104
136,Gilberte,Draayer,gdraayer3r@aboutads.info,Male,135.23.31.248
137,Romona,Weaben,rweaben3s@umn.edu,Male,94.111.232.126
138,Freeman,Stango,fstango3t@washingtonpost.com,Bigender,53.204.45.61
139,Lion,Shirrell,lshirrell3u@thetimes.co.uk,Genderqueer,167.39.16.157
140,Piper,Eitter,peitter3v@state.tx.us,Genderfluid,15.103.171.144
141,Skipton,Witsey,switsey3w@e-recht24.de,Polygender,73.89.228.206
142,Krispin,Gorelli,kgorelli3x@google.co.jp,Male,229.59.208.145
143,Mattie,Wernher,mwernher3y@weebly.com,Female,89.32.49.85
144,Georgianne,Caldeyroux,gcaldeyroux3z@jiathis.com,Agender,192.250.180.150
145,Sollie,Wassung,swassung40@woothemes.com,Genderfluid,173.65.64.125
146,Sallee,Hudspith,shudspith41@va.gov,Genderqueer,247.217.14.173
147,Roslyn,Sopp,rsopp42@last.fm,Male,194.166.235.79
148,Blinny,Mitchelhill,bmitchelhill43@ftc.gov,Male,242.169.22.186
149,Essy,Sturney,esturney44@comsenz.com,Male,108.83.114.213
150,Joyous,La Vigne,jlavigne45@weather.com,Polygender,151.85.99.202
151,Adolpho,Dorro,adorro46@usda.gov,Female,84.121.118.178
152,Berke,Wadmore,bwadmore47@blogspot.com,Male,195.193.157.134
153,Flemming,Ailsbury,failsbury48@blogtalkradio.com,Non-binary,20.60.231.95
154,Shaw,Bing,sbing49@people.com.cn,Genderfluid,17.194.41.188
155,Franky,Caspell,fcaspell4a@rediff.com,Polygender,165.204.66.203
156,Danya,Malcher,dmalcher4b@statcounter.com,Genderfluid,0.160.39.186
157,Vail,Cossington,vcossington4c@photobucket.com,Genderfluid,60.91.230.165
158,Byram,Zavattero,bzavattero4d@geocities.com,Bigender,72.164.138.139
159,Neil,Addlestone,naddlestone4e@hexun.com,Bigender,55.80.184.121
160,Karl,McArthur,kmcarthur4f@google.cn,Genderfluid,66.216.201.182
161,Ermina,Ledgister,eledgister4g@homestead.com,Male,107.237.145.113
162,Padriac,McGlaughn,pmcglaughn4h@xing.com,Non-binary,182.67.52.6
163,Domenic,Scriver,dscriver4i@chicagotribune.com,Bigender,178.174.75.33
164,Wells,Barnes,wbarnes4j@yahoo.co.jp,Agender,119.125.116.224
165,Bill,Mulqueen,bmulqueen4k@squarespace.com,Genderfluid,165.247.114.68
166,Leoine,Baccus,lbaccus4l@ask.com,Bigender,85.230.5.231
167,Sophronia,Maris,smaris4m@paypal.com,Genderfluid,159.181.115.18
168,Byrom,Maiklem,bmaiklem4n@usda.gov,Polygender,248.76.32.42
169,Eleonora,Highwood,ehighwood4o@cpanel.net,Agender,156.81.72.91
170,Franz,Halshaw,fhalshaw4p@delicious.com,Female,196.21.7.77
171,Phyllida,Hark,phark4q@google.com,Male,56.90.37.70
172,Shurwood,Staite,sstaite4r@ezinearticles.com,Female,80.166.30.65
173,Dilly,Garioch,dgarioch4s@skyrock.com,Agender,176.115.4.68
174,Dudley,Lempel,dlempel4t@wufoo.com,Non-binary,206.56.202.122
175,Bruce,Digance,bdigance4u@blogs.com,Bigender,96.81.141.250
176,Karrah,Mayhou,kmayhou4v@cpanel.net,Polygender,87.39.244.164
177,Vale,Erni,verni4w@foxnews.com,Agender,134.79.17.240
178,Basile,St. Ledger,bstledger4x@home.pl,Non-binary,164.2.173.45
179,Allison,Menego,amenego4y@npr.org,Polygender,248.181.6.238
180,Vera,Durden,vdurden4z@mashable.com,Genderfluid,101.14.127.69
181,Carlo,Coffey,ccoffey50@hhs.gov,Male,83.76.160.192
182,Erroll,Verdey,everdey51@drupal.org,Genderqueer,148.186.7.248
183,Rosene,Lonie,rlonie52@homestead.com,Male,7.74.108.249
184,Tillie,Fairnington,tfairnington53@t-online.de,Polygender,158.83.201.138
185,Valdemar,Breadmore,vbreadmore54@blog.com,Agender,21.16.239.137
186,Carry,Goodinson,cgoodinson55@eepurl.com,Genderfluid,87.69.104.9
187,Vivianne,Copperwaite,vcopperwaite56@disqus.com,Polygender,44.181.165.207
188,Tailor,Craddock,tcraddock57@oakley.com,Polygender,227.198.183.98
189,Katheryn,Menear,kmenear58@drupal.org,Male,245.57.74.221
190,Mikael,Antusch,mantusch59@trellian.com,Genderqueer,136.219.218.34
191,Toby,Pyett,tpyett5a@miibeian.gov.cn,Female,230.202.255.42
192,Jessika,Howsley,jhowsley5b@indiatimes.com,Genderqueer,2.245.75.225
193,Agneta,Summersby,asummersby5c@boston.com,Bigender,143.111.93.84
194,Flemming,McArte,fmcarte5d@seesaa.net,Female,157.72.6.226
195,Curcio,Dahmke,cdahmke5e@over-blog.com,Genderfluid,58.96.178.106
196,Kathye,Todarini,ktodarini5f@virginia.edu,Polygender,85.61.210.136
197,Cristobal,Corteis,ccorteis5g@sakura.ne.jp,Male,103.169.151.221
198,Willette,Cowhig,wcowhig5h@nba.com,Female,129.193.83.150
199,Josephine,Firle,jfirle5i@goo.ne.jp,Genderqueer,198.243.125.98
200,Vikky,Burling,vburling5j@vkontakte.ru,Genderqueer,173.158.254.7
201,Georgine,Baiyle,gbaiyle5k@lulu.com,Agender,121.82.5.121
202,Cary,McDuff,cmcduff5l@nasa.gov,Polygender,13.114.88.15
203,Vinny,Kennedy,vkennedy5m@amazon.com,Female,238.47.91.49
204,Cam,Bengefield,cbengefield5n@shutterfly.com,Male,14.100.140.211
205,Rhoda,Sweatland,rsweatland5o@dot.gov,Female,77.178.57.159
206,Giffard,Geke,ggeke5p@ask.com,Bigender,148.21.63.219
207,Massimiliano,Hearnah,mhearnah5q@google.ru,Bigender,91.49.148.204
208,Perren,Donohoe,pdonohoe5r@topsy.com,Polygender,5.7.250.48
209,Glen,Gniewosz,ggniewosz5s@si.edu,Polygender,6.210.92.228
210,Lyn,Date,ldate5t@wikipedia.org,Male,168.114.253.113
211,Teena,Bullivent,tbullivent5u@wufoo.com,Genderqueer,173.98.20.91
212,Domenico,Snary,dsnary5v@shinystat.com,Genderfluid,105.40.130.119
213,Marilyn,Kleeman,mkleeman5w@unicef.org,Female,194.50.54.16
214,Genvieve,Bourchier,gbourchier5x@nhs.uk,Genderqueer,219.239.194.201
215,Patrizio,Roberto,proberto5y@addtoany.com,Non-binary,202.19.114.74
216,Hailey,Lanaway,hlanaway5z@xinhuanet.com,Bigender,65.79.95.58
217,Chalmers,Manilow,cmanilow60@imdb.com,Polygender,89.143.80.25
218,Grannie,Jahnel,gjahnel61@un.org,Non-binary,82.41.117.48
219,Zacherie,Borge,zborge62@google.co.uk,Male,137.140.163.26
220,Aubrie,Brisse,abrisse63@vinaora.com,Polygender,91.121.74.137
221,Evita,Sowten,esowten64@yellowbook.com,Non-binary,33.170.227.175
222,Becka,McGeraghty,bmcgeraghty65@geocities.jp,Genderqueer,201.155.43.236
223,Ronnie,Cawsy,rcawsy66@tamu.edu,Genderqueer,187.89.135.123
224,Nelly,Proger,nproger67@phpbb.com,Polygender,237.250.9.35
225,Moselle,Daintry,mdaintry68@yahoo.com,Non-binary,11.188.24.232
226,Kirstin,Lukins,klukins69@wp.com,Agender,196.235.144.71
227,Sybil,Wolledge,swolledge6a@omniture.com,Male,195.20.200.239
228,Elonore,Pietesch,epietesch6b@xrea.com,Male,231.159.193.62
229,Meir,Billanie,mbillanie6c@mlb.com,Bigender,27.104.50.65
230,Pepito,Yitzhakof,pyitzhakof6d@jigsy.com,Bigender,229.206.66.42
231,Candide,Salazar,csalazar6e@usa.gov,Genderqueer,59.245.134.191
232,Tremaine,Goldhawk,tgoldhawk6f@icio.us,Non-binary,29.124.160.77
233,Jaymee,McVicker,jmcvicker6g@marriott.com,Genderqueer,103.87.180.80
234,Melonie,Kuhne,mkuhne6h@opensource.org,Female,45.85.184.170
235,Cecilius,Greenard,cgreenard6i@twitpic.com,Non-binary,193.47.165.165
236,Gregoor,Potier,gpotier6j@usda.gov,Bigender,243.126.245.114
237,Charley,Bridson,cbridson6k@psu.edu,Genderqueer,2.71.117.28
238,Andrey,Le Moucheux,alemoucheux6l@reddit.com,Female,99.58.171.122
239,Myca,Esterbrook,mesterbrook6m@fema.gov,Agender,217.118.225.234
240,Zeke,Hindmore,zhindmore6n@wufoo.com,Agender,0.31.65.194
241,Annadiana,Starzaker,astarzaker6o@csmonitor.com,Polygender,26.124.136.50
242,Dorry,Pitcaithly,dpitcaithly6p@businessweek.com,Non-binary,93.222.118.116
243,Gray,Otridge,gotridge6q@walmart.com,Female,40.243.182.170
244,Jazmin,McDonnell,jmcdonnell6r@indiatimes.com,Male,101.32.122.200
245,Deanne,Tortis,dtortis6s@xrea.com,Agender,77.248.80.14
246,Worth,Lordon,wlordon6t@nature.com,Female,101.239.47.123
247,Latrena,Kitteridge,lkitteridge6u@illinois.edu,Polygender,238.166.211.104
248,Morganne,Smurfit,msmurfit6v@samsung.com,Bigender,222.57.211.145
249,Mordy,Dullingham,mdullingham6w@mlb.com,Agender,215.78.167.146
250,Daisie,Allardyce,dallardyce6x@youtu.be,Bigender,190.178.161.47
251,Sissy,Eshelby,seshelby6y@wiley.com,Polygender,207.47.142.179
252,Bryana,Escott,bescott6z@blogtalkradio.com,Agender,71.254.110.239
253,Madelyn,Pinar,mpinar70@opera.com,Genderqueer,209.231.69.194
254,Dinny,Joinson,djoinson71@mac.com,Genderqueer,220.153.23.50
255,Eleanor,Neill,eneill72@booking.com,Female,243.197.192.10
256,Patrick,Neissen,pneissen73@so-net.ne.jp,Female,92.184.72.233
257,Gale,Jerratsch,gjerratsch74@bigcartel.com,Male,77.83.226.167
258,Laurel,Colthurst,lcolthurst75@howstuffworks.com,Genderfluid,16.88.248.118
259,Jackie,Avey,javey76@wikimedia.org,Genderfluid,126.158.155.14
260,See,Banasik,sbanasik77@odnoklassniki.ru,Genderfluid,71.119.73.230
261,Juditha,Seagrave,jseagrave78@noaa.gov,Genderqueer,169.225.243.27
262,Kevan,Denerley,kdenerley79@flavors.me,Female,43.239.121.145
263,Abbye,Prover,aprover7a@gravatar.com,Bigender,174.56.201.229
264,Kayla,MacEveley,kmaceveley7b@myspace.com,Polygender,170.217.248.234
265,Clerkclaude,Arnaudet,carnaudet7c@yahoo.co.jp,Female,95.179.111.235
266,Cyndi,Perassi,cperassi7d@yelp.com,Agender,152.147.247.227
267,Aleta,Stormont,astormont7e@myspace.com,Female,171.1.177.172
268,Johnathan,Juschka,jjuschka7f@deviantart.com,Female,211.26.144.81
269,Alanna,Klemz,aklemz7g@rambler.ru,Polygender,232.106.167.62
270,Gerrie,Mournian,gmournian7h@elegantthemes.com,Polygender,39.227.2.175
271,Cayla,Raspin,craspin7i@fastcompany.com,Female,178.188.105.135
272,Vale,Ayscough,vayscough7j@devhub.com,Female,14.117.185.36
273,Danika,Hamblington,dhamblington7k@wix.com,Genderqueer,183.115.174.251
274,Gil,Stainburn,gstainburn7l@github.io,Male,173.120.33.77
275,Delores,M'Chirrie,dmchirrie7m@youku.com,Polygender,242.70.231.111
276,Willi,Doers,wdoers7n@bluehost.com,Bigender,96.20.84.191
277,Dalia,Reide,dreide7o@reuters.com,Polygender,62.96.198.21
278,Nady,Truluck,ntruluck7p@psu.edu,Genderfluid,91.68.228.191
279,Kaylyn,Sprigings,ksprigings7q@meetup.com,Bigender,67.96.17.21
280,Elliott,Jaqueme,ejaqueme7r@hp.com,Bigender,150.244.200.179
281,Kaitlin,Chaloner,kchaloner7s@twitpic.com,Genderfluid,79.130.165.243
282,Bil,Dettmar,bdettmar7t@meetup.com,Agender,74.125.69.70
283,Wiatt,Avesque,wavesque7u@unesco.org,Genderqueer,188.116.251.33
284,Chery,Keyes,ckeyes7v@uiuc.edu,Female,201.9.125.138
285,Nichole,Blagbrough,nblagbrough7w@ucsd.edu,Polygender,229.172.135.98
286,Quentin,Lynn,qlynn7x@wp.com,Female,6.238.117.55
287,Vernen,Galle,vgalle7y@nationalgeographic.com,Genderfluid,180.117.190.243
288,Ernst,Baldick,ebaldick7z@51.la,Genderqueer,168.141.59.91
289,Rheta,Carvilla,rcarvilla80@constantcontact.com,Male,126.130.16.132
290,Aguie,Jacobowicz,ajacobowicz81@blogspot.com,Bigender,64.183.48.133
291,Felice,Culley,fculley82@ed.gov,Genderfluid,19.146.229.249
292,Reginald,Ferraretto,rferraretto83@yolasite.com,Genderfluid,140.11.120.114
293,Christian,Beadell,cbeadell84@bloomberg.com,Male,149.80.146.118
294,Melody,Mowne,mmowne85@hud.gov,Bigender,155.42.145.104
295,Clarence,Garrettson,cgarrettson86@godaddy.com,Bigender,139.14.124.228
296,Rey,Rossander,rrossander87@nbcnews.com,Agender,218.105.221.253
297,Hadria,Ivanyutin,hivanyutin88@kickstarter.com,Agender,149.132.172.43
298,Caralie,Amott,camott89@weebly.com,Male,35.212.148.104
299,Winfield,Wybrow,wwybrow8a@indiatimes.com,Genderqueer,184.144.164.136
300,Ryley,Maccaig,rmaccaig8b@boston.com,Non-binary,16.114.233.209
301,Amalle,Styles,astyles8c@tinypic.com,Male,163.194.14.238
302,Estell,Lakenden,elakenden8d@apache.org,Agender,151.29.33.228
303,Brett,Biffin,bbiffin8e@miibeian.gov.cn,Genderqueer,228.21.90.102
304,Suzy,Brownlee,sbrownlee8f@xrea.com,Genderfluid,153.11.41.70
305,Lynnet,Browett,lbrowett8g@sun.com,Bigender,219.112.159.8
306,Frederico,Oxborrow,foxborrow8h@biblegateway.com,Non-binary,136.106.149.125
307,Urbano,Wakefield,uwakefield8i@google.com.au,Male,91.104.131.18
308,Vivyanne,Pancoust,vpancoust8j@cocolog-nifty.com,Genderfluid,252.151.120.100
309,Meggie,Seckington,mseckington8k@fc2.com,Female,164.165.54.107
310,Cloe,Stranieri,cstranieri8l@shop-pro.jp,Female,142.156.186.89
311,Florance,Haken,fhaken8m@goodreads.com,Genderfluid,70.224.56.204
312,Orelee,Lippatt,olippatt8n@comcast.net,Agender,187.55.18.19
313,Madelena,Musk,mmusk8o@hugedomains.com,Female,31.29.205.96
314,Amy,Gommowe,agommowe8p@telegraph.co.uk,Male,6.85.81.101
315,Bessie,Brodnecke,bbrodnecke8q@google.pl,Genderfluid,226.199.251.248
316,Gerianne,Swinney,gswinney8r@dot.gov,Genderqueer,107.151.181.251
317,Bel,Francescone,bfrancescone8s@goo.ne.jp,Genderfluid,158.174.54.236
318,Melantha,Druhan,mdruhan8t@myspace.com,Agender,46.35.23.246
319,Godart,Casa,gcasa8u@jimdo.com,Genderfluid,142.108.81.234
320,Linn,Abbati,labbati8v@pbs.org,Non-binary,173.244.75.136
321,Erie,Harnwell,eharnwell8w@nymag.com,Bigender,72.30.70.19
322,Belva,Finlan,bfinlan8x@blinklist.com,Non-binary,72.149.143.16
323,Deborah,Baudouin,dbaudouin8y@free.fr,Female,14.103.127.206
324,Rafaello,Ast,rast8z@gmpg.org,Non-binary,13.87.135.49
325,Myrna,Mulqueeny,mmulqueeny90@nationalgeographic.com,Male,121.147.65.154
326,Galvan,Truscott,gtruscott91@jalbum.net,Female,243.1.179.231
327,Vassili,Bohler,vbohler92@sbwire.com,Bigender,230.202.85.34
328,Hally,Annes,hannes93@tinyurl.com,Polygender,40.239.97.44
329,Saundra,Mordon,smordon94@patch.com,Female,175.144.123.4
330,Harri,Leys,hleys95@paypal.com,Genderqueer,143.40.209.67
331,Hayes,Symcox,hsymcox96@xrea.com,Genderqueer,72.5.27.205
332,Raviv,Signoret,rsignoret97@salon.com,Male,176.12.143.70
333,Carney,Jobbins,cjobbins98@gizmodo.com,Non-binary,220.212.246.141
334,Uriel,Lammenga,ulammenga99@trellian.com,Female,113.189.138.80
335,Lucais,de Merida,ldemerida9a@dot.gov,Bigender,144.168.76.5
336,Uriel,Reiling,ureiling9b@fc2.com,Agender,133.77.16.131
337,Toddy,Vondrak,tvondrak9c@xrea.com,Non-binary,55.197.41.67
338,Guglielmo,Skyme,gskyme9d@friendfeed.com,Genderqueer,79.240.98.77
339,Westley,Weatherhead,wweatherhead9e@networksolutions.com,Male,139.100.171.198
340,Madalena,Bostock,mbostock9f@issuu.com,Female,33.163.127.13
341,Sloan,Grayer,sgrayer9g@weibo.com,Genderqueer,6.247.236.51
342,Michaela,Beckhouse,mbeckhouse9h@slashdot.org,Genderfluid,185.183.46.222
343,Clarey,Rudsdell,crudsdell9i@ebay.com,Agender,10.159.15.72
344,Gabbie,Stanbury,gstanbury9j@businesswire.com,Genderqueer,124.252.199.235
345,Hedvig,McGuinness,hmcguinness9k@webeden.co.uk,Genderqueer,176.115.103.68
346,Patten,Hartman,phartman9l@ucsd.edu,Genderfluid,13.144.48.56
347,Mackenzie,Helin,mhelin9m@netvibes.com,Genderfluid,226.155.159.2
348,Rosanne,Haulkham,rhaulkham9n@angelfire.com,Non-binary,185.168.194.243
349,Dell,Kelland,dkelland9o@gnu.org,Non-binary,113.37.123.213
350,Davita,Androletti,dandroletti9p@google.nl,Genderqueer,106.93.9.76
351,Kristen,Bonnavant,kbonnavant9q@liveinternet.ru,Polygender,76.177.182.101
352,Davey,Skippon,dskippon9r@blogs.com,Polygender,176.67.28.8
353,Alexina,Schoffel,aschoffel9s@bloglovin.com,Male,221.117.47.51
354,Meyer,Matessian,mmatessian9t@bizjournals.com,Polygender,204.9.234.87
355,Aili,Carding,acarding9u@si.edu,Genderqueer,87.180.227.162
356,Wolfgang,Philipps,wphilipps9v@bandcamp.com,Bigender,147.208.68.78
357,Moreen,Vousden,mvousden9w@washingtonpost.com,Non-binary,13.92.254.78
358,Morganica,McGenn,mmcgenn9x@1688.com,Bigender,101.217.250.86
359,Karee,Eagleton,keagleton9y@edublogs.org,Genderqueer,200.190.169.249
360,Felicia,Tutin,ftutin9z@dyndns.org,Non-binary,203.51.61.85
361,Maggi,Ewell,mewella0@ucsd.edu,Polygender,184.192.27.169
362,Inez,Ringe,iringea1@goo.ne.jp,Genderqueer,203.198.161.182
363,Hilda,Sirette,hsirettea2@tripod.com,Genderqueer,155.236.113.200
364,Federico,Bandey,fbandeya3@comsenz.com,Non-binary,173.40.62.75
365,Luisa,Bartolozzi,lbartolozzia4@mail.ru,Genderfluid,84.127.211.236
366,Enoch,Estrella,eestrellaa5@yahoo.co.jp,Bigender,25.75.143.249
367,Woody,Abrahams,wabrahamsa6@chicagotribune.com,Agender,180.102.176.136
368,Eleonore,Quimby,equimbya7@sakura.ne.jp,Bigender,1.154.104.53
369,Jule,Geffcock,jgeffcocka8@vinaora.com,Male,92.66.211.4
370,Fina,Coard,fcoarda9@nsw.gov.au,Non-binary,245.9.58.245
371,Vance,Keat,vkeataa@hao123.com,Genderfluid,5.201.26.156
372,Temp,Bosnell,tbosnellab@typepad.com,Genderfluid,240.112.136.104
373,Anjanette,Whitehurst,awhitehurstac@phoca.cz,Genderqueer,66.35.152.238
374,Louella,Cotterel,lcotterelad@a8.net,Genderfluid,129.2.55.149
375,Nicolina,Hanham,nhanhamae@sciencedaily.com,Male,49.233.124.54
376,Gottfried,Krugmann,gkrugmannaf@nsw.gov.au,Agender,178.157.123.231
377,Baily,Fison,bfisonag@geocities.com,Female,169.15.19.50
378,Gabie,Grigor,ggrigorah@vistaprint.com,Female,159.5.165.227
379,Hartwell,Measen,hmeasenai@china.com.cn,Genderfluid,152.129.61.147
380,Rebeka,Dibley,rdibleyaj@youku.com,Agender,8.148.215.172
381,Waldo,Milbank,wmilbankak@google.cn,Male,81.36.181.193
382,Marcella,Lamball,mlamballal@google.com.hk,Male,179.11.206.229
383,Arleta,Mulmuray,amulmurayam@linkedin.com,Agender,131.98.233.107
384,Danyelle,Jozaitis,djozaitisan@discovery.com,Genderqueer,222.50.119.199
385,Ysabel,Parkman,yparkmanao@ow.ly,Genderfluid,176.176.38.50
386,Lauritz,Voaden,lvoadenap@si.edu,Non-binary,188.105.136.59
387,Sawyere,Sidaway,ssidawayaq@pen.io,Bigender,86.196.39.135
388,Roland,Martynikhin,rmartynikhinar@rediff.com,Polygender,122.84.61.153
389,Isabella,Lehrmann,ilehrmannas@skype.com,Agender,242.243.192.229
390,Chrysa,Dobie,cdobieat@psu.edu,Male,119.208.213.242
391,Cart,Hauxby,chauxbyau@4shared.com,Genderfluid,151.112.165.90
392,Ambrosio,Fitchen,afitchenav@nytimes.com,Genderfluid,128.166.183.174
393,Tracie,Verne,tverneaw@opera.com,Genderfluid,98.69.187.44
394,Bobina,Jankovsky,bjankovskyax@msu.edu,Female,193.169.218.156
395,Rubi,Golda,rgoldaay@1und1.de,Bigender,138.44.187.82
396,Gusti,Cunio,gcunioaz@twitter.com,Male,157.113.136.27
397,Inger,Gianullo,igianullob0@fema.gov,Genderfluid,26.94.124.47
398,Tomasina,Feedham,tfeedhamb1@ebay.com,Polygender,93.155.193.161
399,Henriette,Petican,hpeticanb2@theguardian.com,Bigender,45.199.86.21
400,Tamas,Lune,tluneb3@alibaba.com,Genderfluid,81.112.134.217
401,Maria,Learmonth,mlearmonthb4@shinystat.com,Agender,251.189.203.142
402,Arda,Gimber,agimberb5@parallels.com,Genderqueer,227.1.26.47
403,Margarette,Winter,mwinterb6@booking.com,Bigender,124.87.86.27
404,Lise,Burlingham,lburlinghamb7@free.fr,Bigender,47.69.172.155
405,Aurelie,Geraldez,ageraldezb8@deviantart.com,Female,55.122.155.190
406,Darrell,Baffin,dbaffinb9@xinhuanet.com,Agender,226.48.105.246
407,Catlin,Shilstone,cshilstoneba@github.com,Female,143.46.47.254
408,Teddy,Curedale,tcuredalebb@instagram.com,Genderqueer,9.60.193.60
409,Herculie,Hiscocks,hhiscocksbc@alibaba.com,Polygender,100.71.129.253
410,Avery,Broscombe,abroscombebd@sfgate.com,Genderfluid,252.126.15.44
411,Burlie,Keble,bkeblebe@abc.net.au,Female,30.242.138.25
412,Pauly,McDonogh,pmcdonoghbf@ning.com,Agender,106.155.217.158
413,Hilliard,Carman,hcarmanbg@eepurl.com,Genderqueer,244.21.159.116
414,Bat,Roden,brodenbh@devhub.com,Female,2.147.190.246
415,Melany,McCloid,mmccloidbi@miitbeian.gov.cn,Male,13.237.225.185
416,Barbee,Gibbon,bgibbonbj@oaic.gov.au,Genderfluid,133.234.233.86
417,Bibi,Lamburn,blamburnbk@skype.com,Male,192.89.225.15
418,Mindy,Boshell,mboshellbl@berkeley.edu,Bigender,206.184.142.189
419,Ebonee,Abrahamsen,eabrahamsenbm@paypal.com,Agender,91.12.84.168
420,Darsie,Else,delsebn@uiuc.edu,Genderqueer,83.213.105.90
421,Delores,Towsie,dtowsiebo@howstuffworks.com,Non-binary,131.90.119.90
422,Blondelle,Gritton,bgrittonbp@furl.net,Agender,46.216.173.169
423,Vannie,Alan,valanbq@chronoengine.com,Genderfluid,62.124.7.124
424,Opaline,Greenhall,ogreenhallbr@smh.com.au,Polygender,115.16.123.87
425,Tris,Samme,tsammebs@weebly.com,Polygender,80.49.63.119
426,Lilah,Ricker,lrickerbt@time.com,Agender,44.113.186.91
427,Ad,Cumber,acumberbu@utexas.edu,Agender,254.164.242.220
428,Briant,Hartropp,bhartroppbv@wix.com,Bigender,182.220.234.254
429,Trude,Walicki,twalickibw@gravatar.com,Male,192.251.7.62
430,Chantalle,Pritchitt,cpritchittbx@google.com,Polygender,226.24.199.72
431,Duke,Bolin,dbolinby@nifty.com,Genderqueer,228.231.51.90
432,Ludovico,Anglin,langlinbz@privacy.gov.au,Female,246.146.32.244
433,Paloma,Jubb,pjubbc0@soup.io,Bigender,93.188.62.248
434,Luciano,McKerron,lmckerronc1@wikimedia.org,Agender,151.204.122.144
435,Clara,Tremaine,ctremainec2@sakura.ne.jp,Non-binary,118.117.144.123
436,Humberto,Dunkinson,hdunkinsonc3@joomla.org,Male,181.206.91.3
437,Susy,Pinor,spinorc4@myspace.com,Polygender,165.149.128.7
438,Towny,Pelerin,tpelerinc5@odnoklassniki.ru,Genderfluid,172.189.97.100
439,Tate,Treneer,ttreneerc6@si.edu,Genderqueer,132.124.227.90
440,Dominick,Davydzenko,ddavydzenkoc7@virginia.edu,Agender,204.68.92.154
441,Bank,Thornebarrow,bthornebarrowc8@constantcontact.com,Agender,114.155.39.159
442,Pen,Blazic,pblazicc9@china.com.cn,Male,83.103.122.110
443,Cameron,Beardow,cbeardowca@bloglovin.com,Female,154.167.172.177
444,Riane,Greville,rgrevillecb@dropbox.com,Agender,105.204.145.164
445,Drucie,Kohnert,dkohnertcc@virginia.edu,Genderfluid,51.136.183.184
446,Bram,Moncrefe,bmoncrefecd@reverbnation.com,Female,242.192.35.218
447,Eve,Lukas,elukasce@friendfeed.com,Female,223.115.156.152
448,Dehlia,Spinella,dspinellacf@newsvine.com,Male,195.12.110.111
449,Abagael,Hurler,ahurlercg@tiny.cc,Genderqueer,41.194.203.182
450,Dodie,Charrington,dcharringtonch@wikipedia.org,Polygender,141.86.61.168
451,Lanny,Norsworthy,lnorsworthyci@geocities.com,Bigender,47.156.198.234
452,Kippy,Gerrish,kgerrishcj@goo.gl,Male,178.121.34.22
453,Irvine,Crumly,icrumlyck@census.gov,Bigender,235.39.10.192
454,Gregorio,Polland,gpollandcl@naver.com,Non-binary,239.9.57.186
455,Ludvig,Bedbury,lbedburycm@google.it,Male,16.201.174.115
456,Mehetabel,Wilding,mwildingcn@sfgate.com,Male,133.179.52.75
457,Heinrik,McCudden,hmccuddenco@google.it,Polygender,40.252.217.203
458,Rosabel,Kerford,rkerfordcp@gizmodo.com,Bigender,117.167.113.176
459,Crawford,Kingsman,ckingsmancq@1und1.de,Agender,247.131.37.202
460,Vasily,Kasparski,vkasparskicr@elegantthemes.com,Polygender,193.182.4.178
461,Maighdiln,Skryne,mskrynecs@wikipedia.org,Agender,47.61.7.199
462,Clarey,Jandel,cjandelct@pinterest.com,Male,230.174.126.154
463,Berta,Swinbourne,bswinbournecu@aboutads.info,Agender,231.15.42.46
464,Shaun,Ecclestone,secclestonecv@jiathis.com,Genderqueer,59.138.74.149
465,Libbi,Spurling,lspurlingcw@163.com,Male,67.117.206.202
466,Luther,Pendlebury,lpendleburycx@geocities.jp,Female,120.79.100.51
467,Rouvin,Goodlake,rgoodlakecy@google.pl,Male,24.173.255.48
468,Marna,Alvares,malvarescz@cisco.com,Genderqueer,215.222.116.196
469,Isabella,Ravenscroftt,iravenscrofttd0@amazonaws.com,Polygender,237.124.110.57
470,Drucie,Feavers,dfeaversd1@disqus.com,Genderfluid,245.187.111.241
471,Katleen,Zoanetti,kzoanettid2@nbcnews.com,Polygender,189.85.90.186
472,Palm,Quinnell,pquinnelld3@mapy.cz,Agender,195.35.156.223
473,Chevalier,Mitchell,cmitchelld4@archive.org,Genderqueer,225.113.100.23
474,Almire,O'Rourke,aorourked5@bloglines.com,Polygender,67.248.217.51
475,Jareb,Bonallack,jbonallackd6@arizona.edu,Genderfluid,35.163.75.211
476,Sawyer,Gregoraci,sgregoracid7@unc.edu,Polygender,53.162.40.53
477,Mirabel,McIlvaney,mmcilvaneyd8@unc.edu,Genderqueer,236.26.175.45
478,Melessa,Flannigan,mflannigand9@taobao.com,Female,155.133.129.199
479,Austen,Shelley,ashelleyda@mapquest.com,Genderqueer,125.43.186.8
480,Dannel,Tomasian,dtomasiandb@wired.com,Genderfluid,45.202.172.113
481,Cindi,Sands-Allan,csandsallandc@google.com.br,Genderqueer,24.44.89.47
482,Elga,Dodshun,edodshundd@alibaba.com,Non-binary,204.135.25.230
483,Domenic,Hedan,dhedande@google.cn,Genderfluid,222.246.51.220
484,Yancy,Loudon,yloudondf@cbslocal.com,Polygender,214.255.205.52
485,Sandi,Hartlebury,shartleburydg@xing.com,Female,118.229.127.170
486,Tremayne,Sumsion,tsumsiondh@freewebs.com,Non-binary,79.45.132.193
487,Merna,Wheeler,mwheelerdi@fotki.com,Genderqueer,250.140.192.191
488,Trev,Pendleton,tpendletondj@weather.com,Genderqueer,157.7.152.200
489,Kyrstin,Ruf,krufdk@ovh.net,Bigender,65.106.89.205
490,Nerty,Newlands,nnewlandsdl@mit.edu,Male,238.101.159.108
491,Lianne,Haysar,lhaysardm@flavors.me,Female,147.59.196.73
492,Brocky,Middleweek,bmiddleweekdn@uiuc.edu,Genderqueer,233.53.189.66
493,Isidro,Aspland,iasplanddo@livejournal.com,Polygender,66.200.141.173
494,Abbie,Foch,afochdp@vistaprint.com,Bigender,236.68.102.75
495,Angeline,Veracruysse,averacruyssedq@nasa.gov,Genderqueer,124.94.105.124
496,Owen,Southworth,osouthworthdr@ustream.tv,Polygender,183.207.74.242
497,Gypsy,Shory,gshoryds@networkadvertising.org,Genderfluid,196.164.134.108
498,Angelo,Bold,abolddt@blogspot.com,Non-binary,36.193.209.204
499,Frederik,Collyear,fcollyeardu@cisco.com,Non-binary,9.114.134.19
500,Sammy,LeEstut,sleestutdv@mapquest.com,Polygender,98.206.238.60
501,Adelaide,Yushachkov,ayushachkovdw@com.com,Bigender,241.237.36.186
502,Danya,McGavigan,dmcgavigandx@gov.uk,Agender,150.216.40.198
503,Fernande,Riggs,friggsdy@china.com.cn,Female,222.101.139.90
504,Kahaleel,Erbe,kerbedz@dion.ne.jp,Female,179.66.119.97
505,Otis,Kores,okorese0@merriam-webster.com,Female,77.74.29.81
506,Lamont,Foran,lforane1@linkedin.com,Polygender,60.233.115.156
507,Burt,Blaisdale,bblaisdalee2@wikispaces.com,Polygender,32.228.135.245
508,Sidonia,Tolson,stolsone3@wordpress.org,Bigender,77.158.228.244
509,Ailis,Innman,ainnmane4@nature.com,Non-binary,160.33.4.59
510,Minnnie,Healings,mhealingse5@1688.com,Male,1.238.148.207
511,Lynnette,Gritskov,lgritskove6@soundcloud.com,Male,167.152.60.163
512,Gun,Hayhurst,ghayhurste7@home.pl,Polygender,61.4.132.97
513,Tailor,Barney,tbarneye8@webeden.co.uk,Bigender,14.253.9.159
514,Brion,MacTeague,bmacteaguee9@wikimedia.org,Female,77.11.68.112
515,Elinor,Burras,eburrasea@creativecommons.org,Polygender,215.159.184.155
516,Alix,Wardhaw,awardhaweb@java.com,Female,47.62.190.228
517,Gilberta,Dumingos,gdumingosec@sun.com,Non-binary,61.248.122.255
518,Nathalie,Baudain,nbaudained@infoseek.co.jp,Agender,84.94.173.7
519,Mel,Carpenter,mcarpenteree@noaa.gov,Genderqueer,247.121.130.219
520,Analiese,Elphick,aelphickef@businessinsider.com,Genderqueer,180.244.160.17
521,Kippie,Kilpatrick,kkilpatrickeg@yandex.ru,Polygender,24.12.186.179
522,Laverna,Hardisty,lhardistyeh@ow.ly,Non-binary,200.175.236.237
523,Colet,Saturley,csaturleyei@chicagotribune.com,Genderfluid,32.245.68.134
524,Pippy,Hayesman,phayesmanej@ucsd.edu,Genderqueer,231.186.213.63
525,Robert,Hixley,rhixleyek@netvibes.com,Genderfluid,102.33.42.65
526,Marilin,Kellen,mkellenel@oaic.gov.au,Agender,104.194.207.154
527,Bronnie,Cholonin,bcholoninem@disqus.com,Non-binary,35.7.198.97
528,Ogden,Rishman,orishmanen@angelfire.com,Polygender,187.107.37.45
529,Ruth,Fillon,rfilloneo@chron.com,Female,152.79.114.104
530,Lynea,Hannen,lhannenep@wsj.com,Agender,56.111.177.137
531,Leigh,Shippard,lshippardeq@businesswire.com,Female,182.144.20.119
532,Marlyn,Woolcocks,mwoolcockser@sourceforge.net,Genderfluid,179.159.8.211
533,Dorelia,Rodden,droddenes@va.gov,Non-binary,222.227.225.135
534,Brook,Conner,bconneret@jimdo.com,Bigender,64.205.147.145
535,Josephina,Parley,jparleyeu@deliciousdays.com,Non-binary,129.109.71.110
536,Darnall,Flaws,dflawsev@360.cn,Male,160.134.95.83
537,Adelbert,Gerg,agergew@statcounter.com,Male,31.199.211.165
538,Peria,Paine,ppaineex@discuz.net,Genderfluid,64.130.14.167
539,Cornie,Iacofo,ciacofoey@state.gov,Polygender,12.142.183.71
540,Athene,Inker,ainkerez@usgs.gov,Male,217.92.216.13
541,Louise,Skoate,lskoatef0@buzzfeed.com,Genderqueer,136.15.100.217
542,Chevalier,Cartmail,ccartmailf1@flavors.me,Male,29.63.171.91
543,Grata,Gaylord,ggaylordf2@uiuc.edu,Male,164.254.6.171
544,Beulah,Niven,bnivenf3@nytimes.com,Genderfluid,186.112.94.16
545,Lorin,Birchall,lbirchallf4@uiuc.edu,Female,14.82.86.117
546,Gilly,Bengoechea,gbengoecheaf5@php.net,Male,135.159.31.161
547,Jemimah,Wylam,jwylamf6@google.co.jp,Agender,160.206.199.89
548,Ulrikaumeko,Lumsden,ulumsdenf7@jalbum.net,Male,94.55.3.52
549,Pall,Puttnam,pputtnamf8@soundcloud.com,Genderqueer,193.255.245.126
550,Taber,Lorek,tlorekf9@nydailynews.com,Agender,20.80.94.195
551,Rasia,Van Dalen,rvandalenfa@altervista.org,Non-binary,42.102.177.173
552,Thedrick,Southerden,tsoutherdenfb@weebly.com,Agender,173.10.234.166
553,Loretta,Allsup,lallsupfc@studiopress.com,Male,84.48.165.48
554,Kirstin,Genty,kgentyfd@thetimes.co.uk,Genderfluid,171.213.182.86
555,Zonda,Kingshott,zkingshottfe@yolasite.com,Female,247.134.92.56
556,Barton,Poland,bpolandff@fema.gov,Agender,200.168.182.67
557,Taite,Ryam,tryamfg@tripod.com,Bigender,163.190.173.18
558,Cassie,Lainge,claingefh@smugmug.com,Genderfluid,35.124.81.34
559,Tedie,Posnette,tposnettefi@twitpic.com,Genderqueer,143.25.125.56
560,Orran,Passby,opassbyfj@zimbio.com,Genderfluid,101.72.173.175
561,Timotheus,Jephson,tjephsonfk@amazon.de,Genderqueer,175.7.75.107
562,Antonin,Janzen,ajanzenfl@elpais.com,Genderfluid,173.27.195.205
563,Yolanthe,Pitchers,ypitchersfm@google.pl,Polygender,243.220.167.143
564,Sibyl,Gouldthorp,sgouldthorpfn@technorati.com,Genderfluid,110.203.202.21
565,Lacie,Minghetti,lminghettifo@youku.com,Polygender,117.79.31.104
566,Torrence,Giaomozzo,tgiaomozzofp@wikia.com,Female,156.153.40.149
567,Grover,O'Dowd,godowdfq@instagram.com,Non-binary,240.242.215.3
568,Ivor,Heaysman,iheaysmanfr@nbcnews.com,Non-binary,38.201.159.88
569,Stepha,Setchfield,ssetchfieldfs@yellowpages.com,Non-binary,249.113.80.55
570,Jereme,Dowbakin,jdowbakinft@tumblr.com,Agender,51.227.125.196
571,Aubert,Ashfield,aashfieldfu@redcross.org,Genderfluid,231.22.203.69
572,Kayley,McCool,kmccoolfv@t-online.de,Genderqueer,102.105.247.200
573,Demetrius,Lickess,dlickessfw@smugmug.com,Bigender,27.255.233.172
574,Mohandis,Cater,mcaterfx@dropbox.com,Female,93.189.162.109
575,Friedrick,Docket,fdocketfy@google.pl,Non-binary,176.86.101.54
576,Sadye,Keemar,skeemarfz@harvard.edu,Female,47.0.78.123
577,Northrup,Earry,nearryg0@webnode.com,Female,241.247.110.1
578,Niles,Toquet,ntoquetg1@prweb.com,Genderfluid,7.2.252.59
579,Filmore,Amis,famisg2@xrea.com,Genderfluid,10.17.106.183
580,Petunia,Atyea,patyeag3@ezinearticles.com,Genderfluid,8.97.69.240
581,Tobiah,Velasquez,tvelasquezg4@chronoengine.com,Male,250.173.237.85
582,Ezmeralda,Veldens,eveldensg5@illinois.edu,Genderfluid,29.23.41.238
583,Sharla,Crickmoor,scrickmoorg6@hostgator.com,Bigender,184.102.5.109
584,Robinia,Bolger,rbolgerg7@ifeng.com,Non-binary,134.154.154.231
585,Rodge,Falks,rfalksg8@technorati.com,Genderfluid,161.249.224.188
586,Erl,Humpatch,ehumpatchg9@rambler.ru,Bigender,66.226.51.236
587,Coreen,Phittiplace,cphittiplacega@artisteer.com,Non-binary,97.239.26.163
588,Kim,Brittin,kbrittingb@mayoclinic.com,Genderfluid,45.248.133.13
589,Isidora,Wildber,iwildbergc@t-online.de,Agender,100.17.185.136
590,Malena,Zwicker,mzwickergd@wikispaces.com,Genderqueer,157.162.208.190
591,Charleen,Aughton,caughtonge@umich.edu,Genderfluid,110.6.84.8
592,Maddy,Titchener,mtitchenergf@redcross.org,Female,141.131.252.99
593,Lisle,Dibb,ldibbgg@hc360.com,Bigender,204.101.159.220
594,Trula,Artinstall,tartinstallgh@oaic.gov.au,Male,100.242.109.66
595,Torey,Lowdeane,tlowdeanegi@deliciousdays.com,Non-binary,242.153.75.34
596,Lynett,Carrane,lcarranegj@exblog.jp,Polygender,134.248.249.15
597,Morna,Reape,mreapegk@clickbank.net,Non-binary,152.224.232.200
598,Bertina,Cabell,bcabellgl@webmd.com,Polygender,30.160.163.230
599,Martelle,Giovannilli,mgiovannilligm@vistaprint.com,Non-binary,253.240.216.144
600,Spencer,Mushawe,smushawegn@sogou.com,Polygender,83.204.245.104
601,Kordula,Murrhaupt,kmurrhauptgo@loc.gov,Polygender,244.156.205.28
602,Moishe,Belchamber,mbelchambergp@businessweek.com,Non-binary,88.20.3.183
603,Blondie,Floch,bflochgq@google.com,Bigender,173.178.1.186
604,Zondra,Vennart,zvennartgr@gmpg.org,Female,140.82.179.5
605,Cristal,Forsdike,cforsdikegs@mozilla.com,Female,0.226.53.81
606,Kendre,Kimblin,kkimblingt@bbc.co.uk,Genderfluid,86.252.158.185
607,Gar,Somerbell,gsomerbellgu@berkeley.edu,Bigender,89.224.21.241
608,Kelli,Rodenburgh,krodenburghgv@time.com,Male,27.212.139.25
609,Cacilia,Evitts,cevittsgw@com.com,Agender,249.134.100.41
610,Humphrey,Varne,hvarnegx@de.vu,Agender,233.63.24.32
611,Diane,Simon,dsimongy@nydailynews.com,Female,32.221.155.83
612,Claudetta,Burdoun,cburdoungz@gnu.org,Genderfluid,176.233.35.119
613,Saidee,Tommen,stommenh0@homestead.com,Agender,139.169.233.201
614,Lorette,Burdis,lburdish1@nature.com,Genderfluid,217.196.253.102
615,Siana,Baudoux,sbaudouxh2@globo.com,Female,240.247.148.100
616,Irwin,Gindghill,igindghillh3@netlog.com,Genderqueer,72.227.233.100
617,Morgen,Stoacley,mstoacleyh4@dion.ne.jp,Female,15.249.89.27
618,Hurlee,Amar,hamarh5@zdnet.com,Bigender,242.158.53.184
619,Erin,Danieli,edanielih6@typepad.com,Genderfluid,140.224.82.34
620,Flory,Oaker,foakerh7@hc360.com,Agender,22.223.142.4
621,Fred,Howsan,fhowsanh8@ibm.com,Genderfluid,228.28.22.125
622,Kevon,Roome,kroomeh9@utexas.edu,Genderqueer,249.82.96.219
623,Mercie,Deluze,mdeluzeha@thetimes.co.uk,Genderqueer,194.102.73.25
624,Gussy,Frostdyke,gfrostdykehb@ft.com,Polygender,224.169.160.101
625,Wilek,Tozer,wtozerhc@jimdo.com,Male,67.53.133.45
626,Dorian,Althorpe,dalthorpehd@mapquest.com,Agender,189.117.237.161
627,Darin,Furtado,dfurtadohe@smugmug.com,Bigender,99.21.64.69
628,Omar,Ayliffe,oayliffehf@macromedia.com,Bigender,162.247.86.250
629,Inna,Ruppert,irupperthg@huffingtonpost.com,Agender,231.132.254.212
630,Annalee,Hambers,ahambershh@discuz.net,Genderqueer,27.149.154.166
631,Sioux,Van Rembrandt,svanrembrandthi@qq.com,Female,2.168.6.37
632,Sonni,Kenward,skenwardhj@princeton.edu,Genderfluid,134.27.111.202
633,Jerrylee,Cotesford,jcotesfordhk@buzzfeed.com,Genderfluid,80.158.180.215
634,Luisa,Curlis,lcurlishl@marriott.com,Non-binary,78.25.42.168
635,Adore,Gallie,agalliehm@smugmug.com,Genderfluid,162.126.224.49
636,Christian,Pettegre,cpettegrehn@dyndns.org,Bigender,170.107.38.15
637,Caleb,Gurney,cgurneyho@google.com.au,Male,110.24.87.152
638,Zabrina,Geist,zgeisthp@cocolog-nifty.com,Genderfluid,218.31.62.250
639,Tami,Brownsworth,tbrownsworthhq@ted.com,Polygender,231.198.234.89
640,Demetra,Diter,dditerhr@nhs.uk,Non-binary,110.218.203.3
641,Ambrose,De Pietri,adepietrihs@wordpress.org,Genderfluid,10.241.37.252
642,Wilhelmina,Vaney,wvaneyht@sourceforge.net,Genderqueer,166.168.17.29
643,Donovan,Durrad,ddurradhu@indiatimes.com,Bigender,50.97.207.44
644,Mitzi,Kiggel,mkiggelhv@360.cn,Genderfluid,240.74.23.236
645,Teddie,Stigger,tstiggerhw@canalblog.com,Male,177.151.227.64
646,Damian,Devigne,ddevignehx@washingtonpost.com,Bigender,102.17.222.78
647,Pattie,Gonnelly,pgonnellyhy@wikia.com,Polygender,186.45.140.52
648,Neilla,Grabbam,ngrabbamhz@com.com,Female,158.61.70.215
649,Maude,Durden,mdurdeni0@51.la,Agender,194.171.91.10
650,Roxi,Claybourn,rclaybourni1@foxnews.com,Polygender,118.1.169.28
651,Radcliffe,Wrettum,rwrettumi2@de.vu,Genderqueer,173.37.5.55
652,Leola,Gilluley,lgilluleyi3@oracle.com,Bigender,120.220.172.213
653,Lorrayne,Charpling,lcharplingi4@etsy.com,Male,80.122.16.119
654,Arabel,Rentoul,arentouli5@cam.ac.uk,Bigender,140.155.212.165
655,Truda,Whitsun,twhitsuni6@bravesites.com,Genderqueer,52.76.9.227
656,Brandise,Goathrop,bgoathropi7@cloudflare.com,Non-binary,133.88.62.25
657,Barr,Toone,btoonei8@miitbeian.gov.cn,Female,138.184.123.70
658,Roxanne,Stilwell,rstilwelli9@google.com,Agender,251.191.70.115
659,Carmine,Tennant,ctennantia@ning.com,Polygender,205.251.58.9
660,Shannon,Bodell,sbodellib@merriam-webster.com,Male,202.235.163.234
661,Hortensia,Orknay,horknayic@artisteer.com,Male,181.67.133.87
662,Lindon,Caurah,lcaurahid@technorati.com,Agender,49.174.210.94
663,Paloma,Pusey,ppuseyie@businesswire.com,Female,102.23.99.110
664,Tore,Alpin,talpinif@feedburner.com,Genderqueer,152.37.167.74
665,Ruthie,Manson,rmansonig@cocolog-nifty.com,Genderfluid,159.218.19.232
666,Briny,Olek,bolekih@pinterest.com,Agender,76.150.75.46
667,Jonis,Temperton,jtempertonii@mtv.com,Genderqueer,117.240.176.188
668,Rene,Bende,rbendeij@a8.net,Male,160.226.17.182
669,Tally,Zwicker,tzwickerik@twitpic.com,Female,102.16.152.79
670,Pepito,Levesley,plevesleyil@usa.gov,Non-binary,171.194.165.83
671,Kristyn,Ungerecht,kungerechtim@usgs.gov,Female,70.226.8.65
672,Zena,Kentwell,zkentwellin@vimeo.com,Female,77.135.120.46
673,Obadiah,Ochterlonie,oochterlonieio@addtoany.com,Bigender,197.58.205.118
674,Dulcine,Conaboy,dconaboyip@flavors.me,Agender,9.144.6.101
675,Kennett,Rewbottom,krewbottomiq@china.com.cn,Male,11.80.123.77
676,Kristyn,Carncross,kcarncrossir@theglobeandmail.com,Non-binary,152.212.189.208
677,Xenos,Emmot,xemmotis@uol.com.br,Non-binary,36.134.121.152
678,Dewain,Tebald,dtebaldit@topsy.com,Genderfluid,104.243.240.126
679,Elise,Hallad,ehalladiu@answers.com,Agender,46.240.119.34
680,Ruperto,Winscum,rwinscumiv@cbc.ca,Genderfluid,251.164.200.187
681,Koo,Daniel,kdanieliw@imdb.com,Male,36.48.238.187
682,Alphonso,Leverington,aleveringtonix@edublogs.org,Female,58.49.46.26
683,Crista,Parrin,cparriniy@hao123.com,Genderfluid,80.181.204.125
684,Gerri,Lynett,glynettiz@gnu.org,Male,164.142.116.155
685,Tracie,Ogborn,togbornj0@addthis.com,Non-binary,145.1.185.5
686,Mellisa,Hale,mhalej1@baidu.com,Female,195.161.116.251
687,Franz,Caughan,fcaughanj2@yale.edu,Male,121.112.145.226
688,Syman,Snyder,ssnyderj3@list-manage.com,Non-binary,116.106.186.77
689,Bebe,Tampling,btamplingj4@elpais.com,Polygender,31.144.109.178
690,Tiebout,MacConnel,tmacconnelj5@diigo.com,Male,1.232.170.60
691,Ramsey,Kemsley,rkemsleyj6@google.pl,Agender,164.143.91.106
692,Renell,Tansill,rtansillj7@phoca.cz,Male,188.225.184.128
693,Somerset,Roberson,srobersonj8@devhub.com,Agender,180.235.207.230
694,Jodie,Jaegar,jjaegarj9@about.com,Genderfluid,115.83.137.68
695,Percival,Joder,pjoderja@hc360.com,Bigender,216.108.221.229
696,Paola,Franchyonok,pfranchyonokjb@sun.com,Genderqueer,6.106.215.19
697,Harriott,Karpman,hkarpmanjc@pbs.org,Female,254.112.99.49
698,Catharina,Pietrzak,cpietrzakjd@latimes.com,Non-binary,21.182.26.40
699,Gianna,McAless,gmcalessje@123-reg.co.uk,Female,46.27.235.104
700,Luther,Pibsworth,lpibsworthjf@virginia.edu,Agender,251.192.236.190
701,Perry,Sparkwell,psparkwelljg@creativecommons.org,Bigender,111.218.74.106
702,Peadar,Meffan,pmeffanjh@rediff.com,Polygender,197.198.67.62
703,Lorraine,Caraher,lcaraherji@wikipedia.org,Bigender,93.203.162.127
704,Bourke,Sinden,bsindenjj@mit.edu,Female,97.156.14.17
705,Briana,Varley,bvarleyjk@clickbank.net,Genderfluid,192.238.13.8
706,Alverta,Winkell,awinkelljl@princeton.edu,Bigender,10.33.165.146
707,Correna,Pinckstone,cpinckstonejm@yandex.ru,Non-binary,189.140.33.4
708,Enrica,Frean,efreanjn@webs.com,Genderfluid,222.118.114.177
709,Kendricks,Symper,ksymperjo@sakura.ne.jp,Male,33.208.15.36
710,Mischa,Mallison,mmallisonjp@odnoklassniki.ru,Female,166.43.93.55
711,Chip,Calverd,ccalverdjq@mashable.com,Genderqueer,144.176.24.7
712,Renata,Sherrum,rsherrumjr@army.mil,Male,238.110.101.199
713,Teressa,Stiegars,tstiegarsjs@tinypic.com,Polygender,187.94.79.61
714,Corabelle,Hudleston,chudlestonjt@360.cn,Genderfluid,246.163.137.37
715,Stormy,Barkshire,sbarkshireju@sciencedaily.com,Non-binary,236.190.232.227
716,Theadora,Lawdham,tlawdhamjv@reverbnation.com,Agender,123.162.87.83
717,Gus,Prentice,gprenticejw@wiley.com,Genderqueer,251.98.96.36
718,Ramonda,Kerswell,rkerswelljx@meetup.com,Male,193.17.46.48
719,Alexei,Pittway,apittwayjy@craigslist.org,Polygender,7.170.141.217
720,Aline,Kase,akasejz@home.pl,Genderqueer,253.29.199.198
721,Perry,Giacomozzo,pgiacomozzok0@hatena.ne.jp,Genderfluid,11.59.171.66
722,Ravid,McCotter,rmccotterk1@posterous.com,Agender,207.89.240.26
723,Bekki,Lount,blountk2@economist.com,Genderqueer,111.64.186.112
724,Merwin,Coopland,mcooplandk3@godaddy.com,Genderfluid,126.41.110.87
725,Carey,Burgh,cburghk4@gravatar.com,Genderqueer,138.11.96.16
726,Vern,McInnes,vmcinnesk5@wordpress.org,Genderqueer,102.198.205.152
727,Tuckie,Gideon,tgideonk6@skype.com,Genderfluid,171.26.173.43
728,Ellissa,Jeannesson,ejeannessonk7@apache.org,Polygender,206.171.14.80
729,Sherlocke,Folger,sfolgerk8@weibo.com,Polygender,62.65.13.10
730,Maxie,Laflin,mlaflink9@craigslist.org,Agender,170.70.242.48
731,Janey,Bromehed,jbromehedka@prweb.com,Genderfluid,170.248.175.14
732,Base,Camber,bcamberkb@abc.net.au,Male,226.227.0.86
733,Patty,Broughton,pbroughtonkc@skype.com,Genderqueer,46.188.91.83
734,Arri,Messent,amessentkd@businesswire.com,Female,23.255.187.80
735,Kariotta,Barlee,kbarleeke@wix.com,Genderfluid,84.180.214.253
736,Ezri,Painten,epaintenkf@csmonitor.com,Genderfluid,35.45.176.188
737,Matti,La Vigne,mlavignekg@indiatimes.com,Agender,2.65.233.229
738,Merrel,Frushard,mfrushardkh@themeforest.net,Male,134.58.214.98
739,Marla,Whimp,mwhimpki@hhs.gov,Polygender,235.195.64.97
740,Priscella,Hars,pharskj@vinaora.com,Male,111.47.196.107
741,Dorry,Haye,dhayekk@google.de,Non-binary,250.24.88.235
742,Geraldine,Nisco,gniscokl@reference.com,Polygender,12.98.188.222
743,Marlin,Furtado,mfurtadokm@smh.com.au,Female,78.220.29.207
744,Abbey,Franc,afranckn@berkeley.edu,Non-binary,111.46.149.109
745,Lia,Pavett,lpavettko@phoca.cz,Bigender,70.186.126.75
746,Wanids,Orrin,worrinkp@nydailynews.com,Female,87.7.136.134
747,Lorrie,Instone,linstonekq@tripod.com,Genderfluid,238.35.40.75
748,Zandra,Kembrey,zkembreykr@wordpress.com,Genderfluid,43.173.241.158
749,Ianthe,Pittel,ipittelks@squarespace.com,Genderfluid,204.105.101.138
750,Catharine,Fabry,cfabrykt@ameblo.jp,Male,133.201.21.116
751,Robinett,Kinver,rkinverku@g.co,Genderfluid,1.4.16.197
752,Karyl,Profit,kprofitkv@uol.com.br,Male,185.49.179.18
753,Lianna,Tallis,ltalliskw@tumblr.com,Male,167.77.174.139
754,Lanae,Cundy,lcundykx@usda.gov,Female,52.250.241.38
755,Curtis,Giacovelli,cgiacovelliky@dagondesign.com,Non-binary,224.230.187.157
756,Marianna,Soles,msoleskz@devhub.com,Female,130.161.119.224
757,Rosemonde,Celez,rcelezl0@prnewswire.com,Polygender,124.11.168.219
758,Ignazio,Judkins,ijudkinsl1@arstechnica.com,Bigender,188.60.90.122
759,Emmet,Alton,ealtonl2@archive.org,Genderfluid,127.112.118.120
760,Barth,Velareal,bvelareall3@github.com,Genderqueer,121.210.149.181
761,Bobbe,Hagley,bhagleyl4@wired.com,Non-binary,1.193.121.119
762,Earlie,Manclark,emanclarkl5@slideshare.net,Genderqueer,225.213.203.231
763,Hynda,Normansell,hnormanselll6@squidoo.com,Non-binary,240.148.227.115
764,Waldo,Tattoo,wtattool7@toplist.cz,Genderqueer,53.213.230.255
765,Egor,Tanswill,etanswilll8@cpanel.net,Female,183.180.165.96
766,Florella,Joyson,fjoysonl9@mac.com,Agender,219.252.178.187
767,Sam,Meaden,smeadenla@wp.com,Genderqueer,165.3.157.148
768,Giles,Spikeings,gspikeingslb@sourceforge.net,Genderqueer,51.5.159.19
769,Mart,Meale,mmealelc@mapy.cz,Agender,224.115.195.72
770,Gwenneth,Schafer,gschaferld@jalbum.net,Agender,194.141.204.40
771,Chaddie,Overthrow,coverthrowle@hhs.gov,Non-binary,251.146.147.199
772,Zollie,Tomasek,ztomaseklf@intel.com,Non-binary,119.143.2.218
773,Shalom,Egdell,segdelllg@naver.com,Genderfluid,202.133.204.232
774,Steve,Jeaycock,sjeaycocklh@typepad.com,Polygender,200.178.133.97
775,Hildegaard,Tumbelty,htumbeltyli@chron.com,Male,159.52.177.87
776,Dunc,O'Hone,dohonelj@gmpg.org,Bigender,57.131.15.164
777,Evyn,Lacy,elacylk@whitehouse.gov,Polygender,169.71.156.195
778,Korrie,Fairman,kfairmanll@ustream.tv,Genderfluid,195.89.16.8
779,Tarrah,Casina,tcasinalm@bigcartel.com,Genderfluid,231.251.120.155
780,Beltran,Donaghie,bdonaghieln@facebook.com,Polygender,159.64.120.128
781,Domenico,Keinrat,dkeinratlo@samsung.com,Male,220.175.234.44
782,Sheff,Spoors,sspoorslp@google.com.au,Bigender,104.150.182.209
783,Lethia,Vanderplas,lvanderplaslq@surveymonkey.com,Male,2.36.30.192
784,Web,Teers,wteerslr@cmu.edu,Female,115.119.200.29
785,Ninnette,Dunsleve,ndunslevels@netscape.com,Agender,43.190.191.185
786,Corrina,Hatchell,chatchelllt@homestead.com,Polygender,47.99.243.6
787,Hali,Eggins,hegginslu@netscape.com,Bigender,54.229.95.225
788,Val,Ramel,vramellv@vimeo.com,Female,218.130.20.28
789,Evelina,Guidetti,eguidettilw@rambler.ru,Male,197.87.209.255
790,Jolie,Lambertini,jlambertinilx@ihg.com,Non-binary,125.23.114.205
791,Sky,Antonich,santonichly@cbsnews.com,Genderqueer,183.98.45.233
792,Ddene,Gulk,dgulklz@cdc.gov,Bigender,88.86.70.106
793,Siouxie,Loseke,slosekem0@nature.com,Polygender,114.106.82.36
794,Conrado,Gianolini,cgianolinim1@go.com,Genderfluid,106.182.53.169
795,Joseito,Beany,jbeanym2@google.es,Bigender,248.36.108.158
796,Bruce,Matysiak,bmatysiakm3@tumblr.com,Genderqueer,188.223.173.193
797,Abraham,Knutton,aknuttonm4@businessweek.com,Non-binary,191.166.25.16
798,Howie,Braikenridge,hbraikenridgem5@mysql.com,Non-binary,184.70.124.23
799,Ruttger,Duck,rduckm6@sourceforge.net,Bigender,33.183.146.193
800,Florance,Brittian,fbrittianm7@friendfeed.com,Male,238.39.233.236
801,Gizela,Domleo,gdomleom8@hud.gov,Male,153.146.109.173
802,Marje,Greenall,mgreenallm9@macromedia.com,Agender,220.245.234.41
803,Hillie,Baumer,hbaumerma@huffingtonpost.com,Genderqueer,113.115.164.226
804,Otes,Lowrie,olowriemb@purevolume.com,Genderfluid,102.212.6.105
805,Vicki,Costley,vcostleymc@fda.gov,Bigender,202.194.178.233
806,Cathrine,Whistlecraft,cwhistlecraftmd@aboutads.info,Bigender,207.3.23.3
807,Bendix,Goodboddy,bgoodboddyme@answers.com,Polygender,152.97.131.43
808,Nelly,Mewton,nmewtonmf@redcross.org,Bigender,186.142.218.148
809,Sly,Chasmer,schasmermg@deviantart.com,Non-binary,251.237.10.175
810,Leda,Pietri,lpietrimh@sciencedaily.com,Female,132.88.116.185
811,Anabal,Chelsom,achelsommi@about.com,Bigender,64.16.15.150
812,Danita,Das,ddasmj@nyu.edu,Non-binary,252.126.38.99
813,Avictor,Moral,amoralmk@chicagotribune.com,Bigender,81.182.3.96
814,Durant,Yukhnini,dyukhniniml@printfriendly.com,Agender,40.78.162.167
815,Ryley,Liptrot,rliptrotmm@hubpages.com,Genderqueer,72.196.253.252
816,Meridith,Petry,mpetrymn@ucla.edu,Polygender,34.82.142.61
817,Ertha,Franke,efrankemo@ucoz.com,Bigender,137.69.181.240
818,Burg,Ellin,bellinmp@hhs.gov,Male,16.152.114.97
819,Laural,Skokoe,lskokoemq@unesco.org,Agender,41.246.178.229
820,Billie,Blemings,bblemingsmr@google.co.uk,Agender,107.143.120.231
821,Olivette,Ties,otiesms@purevolume.com,Female,67.239.137.131
822,Jane,Northgraves,jnorthgravesmt@skyrock.com,Female,98.76.91.173
823,Newton,Burdell,nburdellmu@paginegialle.it,Genderqueer,110.84.49.9
824,Balduin,Tunney,btunneymv@youtube.com,Genderfluid,131.209.85.137
825,Juditha,Stanbro,jstanbromw@imgur.com,Female,111.248.210.237
826,Leeann,McDermid,lmcdermidmx@canalblog.com,Genderfluid,231.152.28.229
827,Alanah,Cariss,acarissmy@acquirethisname.com,Genderqueer,125.58.18.7
828,Cathe,Goman,cgomanmz@salon.com,Male,217.57.196.13
829,Carlie,O'Currigan,cocurrigann0@t-online.de,Non-binary,135.111.130.187
830,Mei,Brade,mbraden1@noaa.gov,Genderqueer,9.32.166.7
831,Allx,Donoher,adonohern2@wp.com,Bigender,107.183.202.70
832,Sacha,Sparshott,ssparshottn3@cam.ac.uk,Non-binary,10.212.228.129
833,Shaina,Dumberrill,sdumberrilln4@prlog.org,Female,164.71.157.174
834,Selinda,Wapples,swapplesn5@uiuc.edu,Polygender,251.6.166.125
835,Lilyan,Floyed,lfloyedn6@patch.com,Genderfluid,132.202.89.163
836,Myrta,Gianettini,mgianettinin7@abc.net.au,Genderqueer,12.206.159.1
837,Kassia,Duiged,kduigedn8@1und1.de,Agender,101.62.15.86
838,Chip,Paramore,cparamoren9@illinois.edu,Male,234.47.57.132
839,Josh,Page,jpagena@google.co.jp,Polygender,91.93.242.187
840,De witt,Francais,dfrancaisnb@marriott.com,Polygender,241.73.17.58
841,Krista,Ambrosch,kambroschnc@hugedomains.com,Male,229.7.82.87
842,Juliann,Rodrig,jrodrignd@huffingtonpost.com,Agender,248.240.6.232
843,Tobey,Bizzey,tbizzeyne@omniture.com,Non-binary,93.56.0.243
844,Celeste,Romayne,cromaynenf@stanford.edu,Female,169.198.57.189
845,Dexter,Bugg,dbuggng@shinystat.com,Agender,47.209.109.39
846,Auberta,Keetch,akeetchnh@scientificamerican.com,Genderqueer,175.213.176.80
847,Terri,Clarage,tclarageni@twitpic.com,Genderqueer,241.77.230.219
848,Aggy,Ferrarin,aferrarinnj@tinypic.com,Genderfluid,13.127.20.99
849,Nikos,Banaszkiewicz,nbanaszkiewicznk@creativecommons.org,Male,211.27.4.73
850,Marylee,Wainscot,mwainscotnl@ftc.gov,Bigender,33.179.128.173
851,Kyrstin,Matfin,kmatfinnm@shop-pro.jp,Agender,2.10.230.4
852,Basil,Lukovic,blukovicnn@google.it,Polygender,81.149.67.132
853,Francesco,Turford,fturfordno@youtube.com,Agender,243.83.121.229
854,Saunders,Wraggs,swraggsnp@cornell.edu,Non-binary,174.161.253.244
855,Pearline,Hallwell,phallwellnq@ted.com,Polygender,64.91.28.93
856,Camel,Headech,cheadechnr@altervista.org,Female,228.68.83.70
857,Josias,McKay,jmckayns@comsenz.com,Genderfluid,226.18.184.62
858,Diane-marie,Pendrick,dpendricknt@comsenz.com,Male,210.96.158.210
859,Adrian,MacCosto,amaccostonu@webmd.com,Genderqueer,183.4.92.221
860,Berny,Werner,bwernernv@pen.io,Genderfluid,228.139.24.37
861,Margaretha,Cruxton,mcruxtonnw@tumblr.com,Genderfluid,202.252.255.152
862,Vitoria,Verrillo,vverrillonx@home.pl,Genderqueer,223.20.127.94
863,Kalindi,Woolland,kwoollandny@sfgate.com,Polygender,60.232.180.45
864,Clive,Gietz,cgietznz@telegraph.co.uk,Agender,4.14.179.76
865,Rossie,Parsons,rparsonso0@ycombinator.com,Polygender,101.191.233.169
866,Ezri,Kernocke,ekernockeo1@ebay.com,Female,231.19.218.152
867,Tucker,Hellyar,thellyaro2@un.org,Genderqueer,109.197.184.250
868,Hailee,Cordero,hcorderoo3@1688.com,Bigender,73.177.97.95
869,Roxana,Burkart,rburkarto4@spiegel.de,Female,222.131.28.44
870,Ethelyn,Style,estyleo5@disqus.com,Polygender,234.128.10.182
871,Ema,Haining,ehainingo6@dailymotion.com,Male,228.230.89.101
872,Reine,Isgar,risgaro7@youtube.com,Agender,109.127.116.116
873,Andree,Dewing,adewingo8@ning.com,Female,170.56.35.107
874,Gregorius,Soane,gsoaneo9@fda.gov,Genderqueer,28.90.148.111
875,Chip,Olivi,colivioa@4shared.com,Agender,160.159.17.168
876,Bartlett,MacGoun,bmacgounob@sun.com,Non-binary,176.127.110.173
877,Codi,Benda,cbendaoc@weibo.com,Bigender,133.43.174.173
878,Cynthie,Hasselby,chasselbyod@sakura.ne.jp,Non-binary,45.3.36.227
879,Ernaline,Van den Hof,evandenhofoe@usda.gov,Polygender,238.162.232.147
880,Fionna,Leeburn,fleeburnof@ameblo.jp,Male,153.158.87.5
881,Lev,Callendar,lcallendarog@nsw.gov.au,Female,244.165.130.8
882,Merrilee,Face,mfaceoh@apple.com,Polygender,133.220.209.210
883,Angil,O'Lynn,aolynnoi@weather.com,Male,56.164.19.99
884,Rosanne,Hallsworth,rhallsworthoj@wix.com,Male,122.139.13.147
885,Gary,Joder,gjoderok@rakuten.co.jp,Genderqueer,119.101.215.205
886,Natalee,Rosenbush,nrosenbushol@fastcompany.com,Male,65.53.70.141
887,Kelley,Phalip,kphalipom@buzzfeed.com,Male,199.247.78.172
888,Faydra,Pemble,fpembleon@soundcloud.com,Genderqueer,93.179.230.117
889,Viki,Burgise,vburgiseoo@wunderground.com,Non-binary,41.104.27.46
890,Matthew,Innot,minnotop@spiegel.de,Non-binary,80.86.227.67
891,Kordula,Reinbeck,kreinbeckoq@msn.com,Polygender,176.51.113.229
892,Mortimer,Kindell,mkindellor@g.co,Female,109.219.140.251
893,Quent,Maron,qmaronos@elegantthemes.com,Female,132.244.180.120
894,Egan,Angless,eanglessot@cam.ac.uk,Agender,72.191.189.18
895,Berkly,Cambling,bcamblingou@accuweather.com,Bigender,188.14.240.246
896,Mohandas,Coates,mcoatesov@oracle.com,Genderfluid,99.47.56.94
897,Lanita,Sheircliffe,lsheircliffeow@creativecommons.org,Bigender,213.207.238.240
898,Ellis,Yerrall,eyerrallox@soundcloud.com,Agender,169.211.207.208
899,Farleigh,Hales,fhalesoy@ebay.co.uk,Polygender,208.114.97.28
900,Dniren,Nelmes,dnelmesoz@unc.edu,Genderqueer,21.133.44.113
901,Ody,Crellin,ocrellinp0@wikimedia.org,Male,229.19.84.115
902,Stirling,Jennaroy,sjennaroyp1@tripod.com,Agender,128.198.80.166
903,Randee,Bratten,rbrattenp2@php.net,Male,117.209.218.178
904,Roda,Langworthy,rlangworthyp3@wiley.com,Non-binary,143.144.213.179
905,Ange,Savins,asavinsp4@rediff.com,Polygender,150.50.110.14
906,Veradis,Frude,vfrudep5@dot.gov,Bigender,105.115.198.200
907,Annaliese,Lescop,alescopp6@clickbank.net,Male,224.86.103.245
908,Osbourne,Gaize,ogaizep7@surveymonkey.com,Polygender,155.131.66.106
909,Alfred,Gueste,aguestep8@omniture.com,Polygender,23.28.116.77
910,Blanca,Halford,bhalfordp9@sitemeter.com,Non-binary,211.66.217.105
911,Shirlene,Everall,severallpa@myspace.com,Genderfluid,122.95.11.194
912,Dianna,Woloschin,dwoloschinpb@oakley.com,Agender,103.95.224.157
913,Eddi,Choppin,echoppinpc@un.org,Genderfluid,69.204.55.34
914,Bourke,Garshore,bgarshorepd@gov.uk,Genderqueer,242.87.150.115
915,Moritz,Besantie,mbesantiepe@plala.or.jp,Male,35.248.235.38
916,Leora,Pietzker,lpietzkerpf@toplist.cz,Non-binary,59.32.167.52
917,Fletch,Humble,fhumblepg@ezinearticles.com,Polygender,134.156.108.193
918,Cornelius,Delacourt,cdelacourtph@163.com,Polygender,220.34.226.170
919,Francisco,Scrace,fscracepi@shop-pro.jp,Genderfluid,70.153.85.205
920,Town,Sandbatch,tsandbatchpj@timesonline.co.uk,Female,196.23.28.197
921,Philipa,Renyard,prenyardpk@reverbnation.com,Female,88.112.147.205
922,Elfie,Peterken,epeterkenpl@flavors.me,Male,76.69.245.195
923,Hubert,Melby,hmelbypm@dedecms.com,Bigender,123.44.99.188
924,Syman,Sarle,ssarlepn@indiatimes.com,Bigender,7.200.215.34
925,Sarette,Buchan,sbuchanpo@msn.com,Polygender,225.15.91.164
926,Danyette,Farlowe,dfarlowepp@woothemes.com,Agender,117.138.133.139
927,Hussein,De Vaar,hdevaarpq@cbc.ca,Non-binary,192.247.196.249
928,Brittney,Dickon,bdickonpr@opera.com,Genderqueer,224.52.19.0
929,Morton,Chadburn,mchadburnps@google.fr,Female,148.242.179.110
930,Artair,Tremblett,atremblettpt@craigslist.org,Agender,84.15.255.97
931,Candi,MacScherie,cmacscheriepu@clickbank.net,Genderfluid,41.209.199.154
932,Tito,Frisch,tfrischpv@rediff.com,Polygender,214.22.199.49
933,Katinka,Etheridge,ketheridgepw@independent.co.uk,Genderqueer,98.131.65.36
934,Maddy,Bratley,mbratleypx@npr.org,Female,161.33.0.52
935,Gretta,Heynel,gheynelpy@nationalgeographic.com,Bigender,219.222.224.100
936,Anastassia,Harford,aharfordpz@nba.com,Genderqueer,199.241.112.125
937,Denise,Prozillo,dprozilloq0@discuz.net,Female,5.200.32.13
938,Vivianna,Scotchmor,vscotchmorq1@soup.io,Non-binary,134.127.115.217
939,Casey,Sterke,csterkeq2@rediff.com,Male,34.228.247.251
940,Cyrille,Dadley,cdadleyq3@github.io,Polygender,207.215.135.157
941,Fulton,Eates,featesq4@salon.com,Non-binary,112.38.229.144
942,Holden,Marques,hmarquesq5@ifeng.com,Genderqueer,199.186.59.120
943,Loralyn,Amiranda,lamirandaq6@mail.ru,Genderfluid,178.245.219.90
944,Fiorenze,Phelit,fphelitq7@mapy.cz,Bigender,85.95.123.146
945,Rodolphe,St. Paul,rstpaulq8@amazon.co.uk,Genderqueer,41.129.131.78
946,Ban,Taggart,btaggartq9@nyu.edu,Non-binary,175.222.254.186
947,Janine,Pearton,jpeartonqa@jiathis.com,Genderfluid,45.238.40.4
948,Araldo,Fillon,afillonqb@umich.edu,Female,169.58.51.95
949,Lizbeth,Whymark,lwhymarkqc@google.com.au,Female,97.204.144.34
950,Ketty,Pitchford,kpitchfordqd@chicagotribune.com,Genderfluid,188.120.113.27
951,Shem,Ferber,sferberqe@whitehouse.gov,Agender,2.17.238.142
952,Antonino,Giblett,agiblettqf@goo.ne.jp,Genderqueer,143.239.97.65
953,Barbi,Shaves,bshavesqg@w3.org,Agender,136.32.244.207
954,Marcy,Ridhole,mridholeqh@canalblog.com,Female,140.10.110.196
955,Blythe,Andras,bandrasqi@java.com,Agender,234.35.7.36
956,Alicia,Senchenko,asenchenkoqj@apple.com,Agender,80.75.57.232
957,Morena,Kiljan,mkiljanqk@pbs.org,Polygender,154.133.231.229
958,Gwennie,Wherrett,gwherrettql@wordpress.org,Genderfluid,63.161.250.194
959,Kevin,Trinke,ktrinkeqm@mysql.com,Female,79.107.129.189
960,Cicily,Rebillard,crebillardqn@gravatar.com,Polygender,76.161.234.83
961,Reinhold,Charlin,rcharlinqo@ustream.tv,Agender,192.87.48.119
962,Joelynn,Janney,jjanneyqp@ed.gov,Genderfluid,246.137.43.39
963,Yolane,Gligoraci,ygligoraciqq@japanpost.jp,Polygender,161.163.42.152
964,Richardo,Trill,rtrillqr@imageshack.us,Polygender,103.24.129.147
965,Homere,Stockley,hstockleyqs@europa.eu,Polygender,168.8.96.142
966,Malissa,Kee,mkeeqt@wiley.com,Polygender,55.231.54.55
967,Benita,Buyers,bbuyersqu@bravesites.com,Agender,160.47.118.149
968,Tamara,Dadds,tdaddsqv@earthlink.net,Genderfluid,10.196.173.55
969,Karil,Ebanks,kebanksqw@bravesites.com,Polygender,114.72.167.7
970,Lucius,Giamuzzo,lgiamuzzoqx@wikispaces.com,Non-binary,173.76.242.26
971,Lynnett,De Gregorio,ldegregorioqy@engadget.com,Male,26.172.19.245
972,Sanderson,Probyn,sprobynqz@examiner.com,Genderfluid,220.201.90.117
973,Verna,Laidel,vlaidelr0@utexas.edu,Polygender,158.41.2.113
974,Genovera,Rubra,grubrar1@instagram.com,Genderfluid,65.23.182.103
975,Barnabe,Runham,brunhamr2@icq.com,Non-binary,250.107.175.225
976,Guillema,Ditts,gdittsr3@lycos.com,Female,19.56.64.191
977,Tore,Hadkins,thadkinsr4@prweb.com,Genderfluid,28.35.189.211
978,Kali,Kupka,kkupkar5@newyorker.com,Non-binary,198.48.11.8
979,Inness,Karpov,ikarpovr6@admin.ch,Non-binary,208.190.126.183
980,Simmonds,Kybbye,skybbyer7@reddit.com,Polygender,124.195.0.222
981,Mendel,Rosenzveig,mrosenzveigr8@state.gov,Polygender,201.1.148.64
982,Meaghan,Olivi,molivir9@prlog.org,Agender,52.1.87.181
983,Moyna,O'Crigan,mocriganra@google.com.br,Non-binary,211.96.247.217
984,Fabien,Hesse,fhesserb@fc2.com,Genderqueer,25.13.218.25
985,Sybyl,Kurten,skurtenrc@google.com.hk,Male,65.49.214.149
986,De witt,Hamblington,dhamblingtonrd@alexa.com,Female,77.209.118.67
987,Shelba,Luddy,sluddyre@noaa.gov,Bigender,236.29.201.249
988,Gail,Travis,gtravisrf@unicef.org,Agender,241.179.246.208
989,Antone,Bradwell,abradwellrg@cbc.ca,Genderfluid,30.163.162.85
990,Batsheva,Cradduck,bcradduckrh@vkontakte.ru,Bigender,253.18.4.203
991,Dicky,Branigan,dbraniganri@hhs.gov,Genderfluid,89.57.32.247
992,Tasha,Islep,tisleprj@gnu.org,Agender,7.246.81.44
993,Joellyn,Chestle,jchestlerk@delicious.com,Genderfluid,212.111.15.217
994,Blondy,Shiell,bshiellrl@fema.gov,Female,197.146.36.155
995,Gracie,Botger,gbotgerrm@scientificamerican.com,Polygender,70.137.63.180
996,Roxana,Prandi,rprandirn@ox.ac.uk,Agender,227.67.205.244
997,Matthus,Chadwin,mchadwinro@hibu.com,Female,189.120.124.155
998,Artur,Fairbanks,afairbanksrp@live.com,Bigender,246.169.244.242
999,Amalee,Bingall,abingallrq@yandex.ru,Genderqueer,16.201.179.189
1000,Gunther,Karlik,gkarlikrr@smh.com.au,Genderfluid,0.14.221.255
